{
  "domain": "IR",
  "species": [
    "CH4",
    "NH3",
    "H2O",
    "CO2",
    "CO",
    "C2H6",
    "C2H2",
    "PH3",
    "SO2",
    "H2S",
    "C3H8",
    "C4H10",
    "HCN",
    "N2O",
    "NO2",
    "O3",
    "OCS",
    "HCl",
    "HF",
    "C6H6",
    "C2H4",
    "C4H2"
  ],
  "best_params": {
    "h1": 768,
    "h2": 384,
    "drop1": 0.11151937207340555,
    "drop2": 0.1648984354179171,
    "lr": 0.00039667723139353667,
    "wd": 3.6632292708451013e-06,
    "baseline_win": 201
  },
  "n_resample": 1024,
  "val_loss": 0.28284820914268494
}