{
  "domain": "UV",
  "species": [
    "CH4",
    "C2H2",
    "C2H4",
    "C2H6",
    "C3H4",
    "C3H8",
    "C4H2",
    "C4H10",
    "C6H6",
    "C7H8",
    "C8H10",
    "NH3",
    "HCN",
    "N2O",
    "NO",
    "NO2",
    "N2",
    "CO",
    "CO2",
    "H2O",
    "O2",
    "O3",
    "SO2",
    "H2S",
    "OCS",
    "PH3",
    "GeH4",
    "AsH3"
  ],
  "best_params": {
    "h1": 512,
    "h2": 256,
    "drop1": 0.292317664238759,
    "drop2": 0.24473970906793163,
    "lr": 0.0002730692712787283,
    "wd": 3.0160546493466223e-06,
    "baseline_win": 201
  },
  "n_resample": 1024,
  "val_loss": 0.2822056710720062
}